filename,label,class_0,class_1,class_2,class_3,class_4
Bacterial diseases - Aeromoniasis (1).npy,Bacterial diseases - Aeromoniasis,0,1,0,0,0
Bacterial diseases - Aeromoniasis (2).npy,Bacterial diseases - Aeromoniasis,0,1,0,0,0
Bacterial diseases - Aeromoniasis (3).npy,Bacterial diseases - Aeromoniasis,0,1,0,0,0
Bacterial diseases - Aeromoniasis (4).npy,Bacterial diseases - Aeromoniasis,0,1,0,0,0
Bacterial diseases - Aeromoniasis (5).npy,Bacterial diseases - Aeromoniasis,0,1,0,0,0
Bacterial diseases - Aeromoniasis (6).npy,Bacterial diseases - Aeromoniasis,0,1,0,0,0
Bacterial diseases - Aeromoniasis (7).npy,Bacterial diseases - Aeromoniasis,0,1,0,0,0
Bacterial diseases - Aeromoniasis (8).npy,Bacterial diseases - Aeromoniasis,0,1,0,0,0
Bacterial diseases - Aeromoniasis (9).npy,Bacterial diseases - Aeromoniasis,0,1,0,0,0
Bacterial diseases - Aeromoniasis (10).npy,Bacterial diseases - Aeromoniasis,0,1,0,0,0
Bacterial diseases - Aeromoniasis (11).npy,Bacterial diseases - Aeromoniasis,0,1,0,0,0
Bacterial diseases - Aeromoniasis (12).npy,Bacterial diseases - Aeromoniasis,0,1,0,0,0
Bacterial diseases - Aeromoniasis (13).npy,Bacterial diseases - Aeromoniasis,0,1,0,0,0
Bacterial diseases - Aeromoniasis (14).npy,Bacterial diseases - Aeromoniasis,0,1,0,0,0
Bacterial diseases - Aeromoniasis (15).npy,Bacterial diseases - Aeromoniasis,0,1,0,0,0
Bacterial diseases - Aeromoniasis (16).npy,Bacterial diseases - Aeromoniasis,0,1,0,0,0
Bacterial diseases - Aeromoniasis (17).npy,Bacterial diseases - Aeromoniasis,0,1,0,0,0
Bacterial diseases - Aeromoniasis (18).npy,Bacterial diseases - Aeromoniasis,0,1,0,0,0
Bacterial diseases - Aeromoniasis (19).npy,Bacterial diseases - Aeromoniasis,0,1,0,0,0
Bacterial diseases - Aeromoniasis (20).npy,Bacterial diseases - Aeromoniasis,0,1,0,0,0
Bacterial diseases - Aeromoniasis (21).npy,Bacterial diseases - Aeromoniasis,0,1,0,0,0
Bacterial diseases - Aeromoniasis (22).npy,Bacterial diseases - Aeromoniasis,0,1,0,0,0
Bacterial diseases - Aeromoniasis (23).npy,Bacterial diseases - Aeromoniasis,0,1,0,0,0
Bacterial diseases - Aeromoniasis (24).npy,Bacterial diseases - Aeromoniasis,0,1,0,0,0
Bacterial diseases - Aeromoniasis (25).npy,Bacterial diseases - Aeromoniasis,0,1,0,0,0
Bacterial diseases - Aeromoniasis (26).npy,Bacterial diseases - Aeromoniasis,0,1,0,0,0
Bacterial diseases - Aeromoniasis (27).npy,Bacterial diseases - Aeromoniasis,0,1,0,0,0
Bacterial diseases - Aeromoniasis (28).npy,Bacterial diseases - Aeromoniasis,0,1,0,0,0
Bacterial diseases - Aeromoniasis (29).npy,Bacterial diseases - Aeromoniasis,0,1,0,0,0
Bacterial diseases - Aeromoniasis (30).npy,Bacterial diseases - Aeromoniasis,0,1,0,0,0
Bacterial diseases - Aeromoniasis (31).npy,Bacterial diseases - Aeromoniasis,0,1,0,0,0
Bacterial diseases - Aeromoniasis (32).npy,Bacterial diseases - Aeromoniasis,0,1,0,0,0
Bacterial diseases - Aeromoniasis (33).npy,Bacterial diseases - Aeromoniasis,0,1,0,0,0
Bacterial diseases - Aeromoniasis (34).npy,Bacterial diseases - Aeromoniasis,0,1,0,0,0
Bacterial diseases - Aeromoniasis (35).npy,Bacterial diseases - Aeromoniasis,0,1,0,0,0
Bacterial diseases - Aeromoniasis (36).npy,Bacterial diseases - Aeromoniasis,0,1,0,0,0
Bacterial diseases - Aeromoniasis (37).npy,Bacterial diseases - Aeromoniasis,0,1,0,0,0
Bacterial diseases - Aeromoniasis (38).npy,Bacterial diseases - Aeromoniasis,0,1,0,0,0
Bacterial diseases - Aeromoniasis (39).npy,Bacterial diseases - Aeromoniasis,0,1,0,0,0
Bacterial diseases - Aeromoniasis (40).npy,Bacterial diseases - Aeromoniasis,0,1,0,0,0
Bacterial diseases - Aeromoniasis (41).npy,Bacterial diseases - Aeromoniasis,0,1,0,0,0
Bacterial diseases - Aeromoniasis (42).npy,Bacterial diseases - Aeromoniasis,0,1,0,0,0
Bacterial diseases - Aeromoniasis (43).npy,Bacterial diseases - Aeromoniasis,0,1,0,0,0
Bacterial diseases - Aeromoniasis (44).npy,Bacterial diseases - Aeromoniasis,0,1,0,0,0
Bacterial diseases - Aeromoniasis (45).npy,Bacterial diseases - Aeromoniasis,0,1,0,0,0
Bacterial diseases - Aeromoniasis (46).npy,Bacterial diseases - Aeromoniasis,0,1,0,0,0
Bacterial diseases - Aeromoniasis (47).npy,Bacterial diseases - Aeromoniasis,0,1,0,0,0
Bacterial diseases - Aeromoniasis (48).npy,Bacterial diseases - Aeromoniasis,0,1,0,0,0
Bacterial diseases - Aeromoniasis (49).npy,Bacterial diseases - Aeromoniasis,0,1,0,0,0
Bacterial Red disease (1).npy,Bacterial Red disease,1,0,0,0,0
Bacterial Red disease (2).npy,Bacterial Red disease,1,0,0,0,0
Bacterial Red disease (3).npy,Bacterial Red disease,1,0,0,0,0
Bacterial Red disease (4).npy,Bacterial Red disease,1,0,0,0,0
Bacterial Red disease (5).npy,Bacterial Red disease,1,0,0,0,0
Bacterial Red disease (6).npy,Bacterial Red disease,1,0,0,0,0
Bacterial Red disease (7).npy,Bacterial Red disease,1,0,0,0,0
Bacterial Red disease (8).npy,Bacterial Red disease,1,0,0,0,0
Bacterial Red disease (9).npy,Bacterial Red disease,1,0,0,0,0
Bacterial Red disease (10).npy,Bacterial Red disease,1,0,0,0,0
Bacterial Red disease (11).npy,Bacterial Red disease,1,0,0,0,0
Bacterial Red disease (12).npy,Bacterial Red disease,1,0,0,0,0
Bacterial Red disease (13).npy,Bacterial Red disease,1,0,0,0,0
Bacterial Red disease (14).npy,Bacterial Red disease,1,0,0,0,0
Bacterial Red disease (15).npy,Bacterial Red disease,1,0,0,0,0
Bacterial Red disease (16).npy,Bacterial Red disease,1,0,0,0,0
Bacterial Red disease (17).npy,Bacterial Red disease,1,0,0,0,0
Bacterial Red disease (18).npy,Bacterial Red disease,1,0,0,0,0
Bacterial Red disease (19).npy,Bacterial Red disease,1,0,0,0,0
Bacterial Red disease (20).npy,Bacterial Red disease,1,0,0,0,0
Bacterial Red disease (21).npy,Bacterial Red disease,1,0,0,0,0
Bacterial Red disease (22).npy,Bacterial Red disease,1,0,0,0,0
Bacterial Red disease (23).npy,Bacterial Red disease,1,0,0,0,0
Bacterial Red disease (24).npy,Bacterial Red disease,1,0,0,0,0
Bacterial Red disease (25).npy,Bacterial Red disease,1,0,0,0,0
Bacterial Red disease (26).npy,Bacterial Red disease,1,0,0,0,0
Bacterial Red disease (27).npy,Bacterial Red disease,1,0,0,0,0
Bacterial Red disease (28).npy,Bacterial Red disease,1,0,0,0,0
Bacterial Red disease (29).npy,Bacterial Red disease,1,0,0,0,0
Bacterial Red disease (30).npy,Bacterial Red disease,1,0,0,0,0
Bacterial Red disease (31).npy,Bacterial Red disease,1,0,0,0,0
Bacterial Red disease (32).npy,Bacterial Red disease,1,0,0,0,0
Bacterial Red disease (33).npy,Bacterial Red disease,1,0,0,0,0
Bacterial Red disease (34).npy,Bacterial Red disease,1,0,0,0,0
Bacterial Red disease (35).npy,Bacterial Red disease,1,0,0,0,0
Bacterial Red disease (36).npy,Bacterial Red disease,1,0,0,0,0
Bacterial Red disease (37).npy,Bacterial Red disease,1,0,0,0,0
Bacterial Red disease (38).npy,Bacterial Red disease,1,0,0,0,0
Bacterial Red disease (39).npy,Bacterial Red disease,1,0,0,0,0
Bacterial Red disease (40).npy,Bacterial Red disease,1,0,0,0,0
Bacterial Red disease (41).npy,Bacterial Red disease,1,0,0,0,0
Bacterial Red disease (42).npy,Bacterial Red disease,1,0,0,0,0
Bacterial Red disease (43).npy,Bacterial Red disease,1,0,0,0,0
Bacterial Red disease (44).npy,Bacterial Red disease,1,0,0,0,0
Bacterial Red disease (45).npy,Bacterial Red disease,1,0,0,0,0
Bacterial Red disease (46).npy,Bacterial Red disease,1,0,0,0,0
Bacterial Red disease (47).npy,Bacterial Red disease,1,0,0,0,0
Bacterial Red disease (48).npy,Bacterial Red disease,1,0,0,0,0
Healthy Fish (1).npy,Healthy Fish,0,0,1,0,0
Healthy Fish (2).npy,Healthy Fish,0,0,1,0,0
Healthy Fish (3).npy,Healthy Fish,0,0,1,0,0
Healthy Fish (4).npy,Healthy Fish,0,0,1,0,0
Healthy Fish (5).npy,Healthy Fish,0,0,1,0,0
Healthy Fish (6).npy,Healthy Fish,0,0,1,0,0
Healthy Fish (7).npy,Healthy Fish,0,0,1,0,0
Healthy Fish (8).npy,Healthy Fish,0,0,1,0,0
Healthy Fish (9).npy,Healthy Fish,0,0,1,0,0
Healthy Fish (10).npy,Healthy Fish,0,0,1,0,0
Healthy Fish (11).npy,Healthy Fish,0,0,1,0,0
Healthy Fish (12).npy,Healthy Fish,0,0,1,0,0
Healthy Fish (13).npy,Healthy Fish,0,0,1,0,0
Healthy Fish (14).npy,Healthy Fish,0,0,1,0,0
Healthy Fish (15).npy,Healthy Fish,0,0,1,0,0
Healthy Fish (16).npy,Healthy Fish,0,0,1,0,0
Healthy Fish (17).npy,Healthy Fish,0,0,1,0,0
Healthy Fish (18).npy,Healthy Fish,0,0,1,0,0
Healthy Fish (19).npy,Healthy Fish,0,0,1,0,0
Healthy Fish (20).npy,Healthy Fish,0,0,1,0,0
Healthy Fish (21).npy,Healthy Fish,0,0,1,0,0
Healthy Fish (22).npy,Healthy Fish,0,0,1,0,0
Healthy Fish (23).npy,Healthy Fish,0,0,1,0,0
Healthy Fish (24).npy,Healthy Fish,0,0,1,0,0
Healthy Fish (25).npy,Healthy Fish,0,0,1,0,0
Healthy Fish (26).npy,Healthy Fish,0,0,1,0,0
Healthy Fish (27).npy,Healthy Fish,0,0,1,0,0
Healthy Fish (28).npy,Healthy Fish,0,0,1,0,0
Healthy Fish (29).npy,Healthy Fish,0,0,1,0,0
Healthy Fish (30).npy,Healthy Fish,0,0,1,0,0
Healthy Fish (31).npy,Healthy Fish,0,0,1,0,0
Healthy Fish (32).npy,Healthy Fish,0,0,1,0,0
Healthy Fish (33).npy,Healthy Fish,0,0,1,0,0
Healthy Fish (34).npy,Healthy Fish,0,0,1,0,0
Healthy Fish (35).npy,Healthy Fish,0,0,1,0,0
Healthy Fish (36).npy,Healthy Fish,0,0,1,0,0
Healthy Fish (37).npy,Healthy Fish,0,0,1,0,0
Healthy Fish (38).npy,Healthy Fish,0,0,1,0,0
Healthy Fish (39).npy,Healthy Fish,0,0,1,0,0
Healthy Fish (40).npy,Healthy Fish,0,0,1,0,0
Healthy Fish (41).npy,Healthy Fish,0,0,1,0,0
Healthy Fish (42).npy,Healthy Fish,0,0,1,0,0
Healthy Fish (43).npy,Healthy Fish,0,0,1,0,0
Healthy Fish (44).npy,Healthy Fish,0,0,1,0,0
Healthy Fish (45).npy,Healthy Fish,0,0,1,0,0
Healthy Fish (46).npy,Healthy Fish,0,0,1,0,0
Healthy Fish (47).npy,Healthy Fish,0,0,1,0,0
Healthy Fish (48).npy,Healthy Fish,0,0,1,0,0
Healthy Fish (49).npy,Healthy Fish,0,0,1,0,0
Healthy Fish (50).npy,Healthy Fish,0,0,1,0,0
Healthy Fish (51).npy,Healthy Fish,0,0,1,0,0
Healthy Fish (52).npy,Healthy Fish,0,0,1,0,0
Healthy Fish (53).npy,Healthy Fish,0,0,1,0,0
Healthy Fish (54).npy,Healthy Fish,0,0,1,0,0
Healthy Fish (55).npy,Healthy Fish,0,0,1,0,0
Healthy Fish (56).npy,Healthy Fish,0,0,1,0,0
Healthy Fish (57).npy,Healthy Fish,0,0,1,0,0
Healthy Fish (58).npy,Healthy Fish,0,0,1,0,0
Healthy Fish (59).npy,Healthy Fish,0,0,1,0,0
Healthy Fish (60).npy,Healthy Fish,0,0,1,0,0
Healthy Fish (61).npy,Healthy Fish,0,0,1,0,0
Healthy Fish (62).npy,Healthy Fish,0,0,1,0,0
Healthy Fish (63).npy,Healthy Fish,0,0,1,0,0
Healthy Fish (64).npy,Healthy Fish,0,0,1,0,0
Healthy Fish (65).npy,Healthy Fish,0,0,1,0,0
Healthy Fish (66).npy,Healthy Fish,0,0,1,0,0
Healthy Fish (67).npy,Healthy Fish,0,0,1,0,0
Healthy Fish (68).npy,Healthy Fish,0,0,1,0,0
Healthy Fish (69).npy,Healthy Fish,0,0,1,0,0
Healthy Fish (70).npy,Healthy Fish,0,0,1,0,0
Healthy Fish (71).npy,Healthy Fish,0,0,1,0,0
Healthy Fish (72).npy,Healthy Fish,0,0,1,0,0
Healthy Fish (73).npy,Healthy Fish,0,0,1,0,0
Healthy Fish (74).npy,Healthy Fish,0,0,1,0,0
Healthy Fish (75).npy,Healthy Fish,0,0,1,0,0
Healthy Fish (76).npy,Healthy Fish,0,0,1,0,0
Healthy Fish (77).npy,Healthy Fish,0,0,1,0,0
Healthy Fish (78).npy,Healthy Fish,0,0,1,0,0
Healthy Fish (79).npy,Healthy Fish,0,0,1,0,0
Healthy Fish (80).npy,Healthy Fish,0,0,1,0,0
Healthy Fish (81).npy,Healthy Fish,0,0,1,0,0
Healthy Fish (82).npy,Healthy Fish,0,0,1,0,0
Healthy Fish (83).npy,Healthy Fish,0,0,1,0,0
Healthy Fish (84).npy,Healthy Fish,0,0,1,0,0
Healthy Fish (85).npy,Healthy Fish,0,0,1,0,0
Healthy Fish (86).npy,Healthy Fish,0,0,1,0,0
Healthy Fish (87).npy,Healthy Fish,0,0,1,0,0
Healthy Fish (88).npy,Healthy Fish,0,0,1,0,0
Healthy Fish (89).npy,Healthy Fish,0,0,1,0,0
Healthy Fish (90).npy,Healthy Fish,0,0,1,0,0
Healthy Fish (91).npy,Healthy Fish,0,0,1,0,0
Healthy Fish (92).npy,Healthy Fish,0,0,1,0,0
Healthy Fish (93).npy,Healthy Fish,0,0,1,0,0
Healthy Fish (94).npy,Healthy Fish,0,0,1,0,0
Healthy Fish (95).npy,Healthy Fish,0,0,1,0,0
Healthy Fish (96).npy,Healthy Fish,0,0,1,0,0
Healthy Fish (97).npy,Healthy Fish,0,0,1,0,0
Healthy Fish (98).npy,Healthy Fish,0,0,1,0,0
Healthy Fish (99).npy,Healthy Fish,0,0,1,0,0
Healthy Fish (100).npy,Healthy Fish,0,0,1,0,0
Healthy Fish (101).npy,Healthy Fish,0,0,1,0,0
Healthy Fish (102).npy,Healthy Fish,0,0,1,0,0
Healthy Fish (103).npy,Healthy Fish,0,0,1,0,0
Healthy Fish (104).npy,Healthy Fish,0,0,1,0,0
Healthy Fish (105).npy,Healthy Fish,0,0,1,0,0
Healthy Fish (106).npy,Healthy Fish,0,0,1,0,0
Healthy Fish (107).npy,Healthy Fish,0,0,1,0,0
Healthy Fish (108).npy,Healthy Fish,0,0,1,0,0
Healthy Fish (109).npy,Healthy Fish,0,0,1,0,0
Healthy Fish (110).npy,Healthy Fish,0,0,1,0,0
Healthy Fish (111).npy,Healthy Fish,0,0,1,0,0
Healthy Fish (112).npy,Healthy Fish,0,0,1,0,0
Healthy Fish (113).npy,Healthy Fish,0,0,1,0,0
Healthy Fish (114).npy,Healthy Fish,0,0,1,0,0
Healthy Fish (115).npy,Healthy Fish,0,0,1,0,0
Healthy Fish (116).npy,Healthy Fish,0,0,1,0,0
Healthy Fish (117).npy,Healthy Fish,0,0,1,0,0
Healthy Fish (118).npy,Healthy Fish,0,0,1,0,0
Healthy Fish (119).npy,Healthy Fish,0,0,1,0,0
Healthy Fish (120).npy,Healthy Fish,0,0,1,0,0
Healthy Fish (121).npy,Healthy Fish,0,0,1,0,0
Healthy Fish (122).npy,Healthy Fish,0,0,1,0,0
Healthy Fish (123).npy,Healthy Fish,0,0,1,0,0
Healthy Fish (124).npy,Healthy Fish,0,0,1,0,0
Healthy Fish (125).npy,Healthy Fish,0,0,1,0,0
Healthy Fish (126).npy,Healthy Fish,0,0,1,0,0
Healthy Fish (127).npy,Healthy Fish,0,0,1,0,0
Healthy Fish (128).npy,Healthy Fish,0,0,1,0,0
Healthy Fish (129).npy,Healthy Fish,0,0,1,0,0
Healthy Fish (130).npy,Healthy Fish,0,0,1,0,0
Healthy Fish (131).npy,Healthy Fish,0,0,1,0,0
Healthy Fish (132).npy,Healthy Fish,0,0,1,0,0
Healthy Fish (133).npy,Healthy Fish,0,0,1,0,0
Healthy Fish (134).npy,Healthy Fish,0,0,1,0,0
Healthy Fish (135).npy,Healthy Fish,0,0,1,0,0
Healthy Fish (136).npy,Healthy Fish,0,0,1,0,0
Healthy Fish (137).npy,Healthy Fish,0,0,1,0,0
Healthy Fish (138).npy,Healthy Fish,0,0,1,0,0
Healthy Fish (139).npy,Healthy Fish,0,0,1,0,0
Healthy Fish (140).npy,Healthy Fish,0,0,1,0,0
Healthy Fish (141).npy,Healthy Fish,0,0,1,0,0
Healthy Fish (142).npy,Healthy Fish,0,0,1,0,0
Healthy Fish (143).npy,Healthy Fish,0,0,1,0,0
Healthy Fish (144).npy,Healthy Fish,0,0,1,0,0
Healthy Fish (145).npy,Healthy Fish,0,0,1,0,0
Healthy Fish (146).npy,Healthy Fish,0,0,1,0,0
Healthy Fish (147).npy,Healthy Fish,0,0,1,0,0
Healthy Fish (148).npy,Healthy Fish,0,0,1,0,0
Healthy Fish (149).npy,Healthy Fish,0,0,1,0,0
Healthy Fish (150).npy,Healthy Fish,0,0,1,0,0
Healthy Fish (151).npy,Healthy Fish,0,0,1,0,0
Healthy Fish (152).npy,Healthy Fish,0,0,1,0,0
Healthy Fish (153).npy,Healthy Fish,0,0,1,0,0
Healthy Fish (154).npy,Healthy Fish,0,0,1,0,0
Healthy Fish (155).npy,Healthy Fish,0,0,1,0,0
Healthy Fish (156).npy,Healthy Fish,0,0,1,0,0
Healthy Fish (157).npy,Healthy Fish,0,0,1,0,0
Healthy Fish (158).npy,Healthy Fish,0,0,1,0,0
Healthy Fish (159).npy,Healthy Fish,0,0,1,0,0
Healthy Fish (160).npy,Healthy Fish,0,0,1,0,0
Healthy Fish (161).npy,Healthy Fish,0,0,1,0,0
Healthy Fish (162).npy,Healthy Fish,0,0,1,0,0
Healthy Fish (163).npy,Healthy Fish,0,0,1,0,0
Healthy Fish (164).npy,Healthy Fish,0,0,1,0,0
Healthy Fish (165).npy,Healthy Fish,0,0,1,0,0
Healthy Fish (166).npy,Healthy Fish,0,0,1,0,0
Healthy Fish (167).npy,Healthy Fish,0,0,1,0,0
Healthy Fish (168).npy,Healthy Fish,0,0,1,0,0
Healthy Fish (169).npy,Healthy Fish,0,0,1,0,0
Healthy Fish (170).npy,Healthy Fish,0,0,1,0,0
Healthy Fish (171).npy,Healthy Fish,0,0,1,0,0
Healthy Fish (172).npy,Healthy Fish,0,0,1,0,0
Healthy Fish (173).npy,Healthy Fish,0,0,1,0,0
Healthy Fish (174).npy,Healthy Fish,0,0,1,0,0
Healthy Fish (175).npy,Healthy Fish,0,0,1,0,0
Healthy Fish (176).npy,Healthy Fish,0,0,1,0,0
Healthy Fish (177).npy,Healthy Fish,0,0,1,0,0
Parasitic diseases (1).npy,Parasitic diseases,0,0,0,1,0
Parasitic diseases (2).npy,Parasitic diseases,0,0,0,1,0
Parasitic diseases (3).npy,Parasitic diseases,0,0,0,1,0
Parasitic diseases (4).npy,Parasitic diseases,0,0,0,1,0
Parasitic diseases (5).npy,Parasitic diseases,0,0,0,1,0
Parasitic diseases (6).npy,Parasitic diseases,0,0,0,1,0
Parasitic diseases (7).npy,Parasitic diseases,0,0,0,1,0
Parasitic diseases (8).npy,Parasitic diseases,0,0,0,1,0
Parasitic diseases (9).npy,Parasitic diseases,0,0,0,1,0
Parasitic diseases (10).npy,Parasitic diseases,0,0,0,1,0
Parasitic diseases (11).npy,Parasitic diseases,0,0,0,1,0
Parasitic diseases (12).npy,Parasitic diseases,0,0,0,1,0
Parasitic diseases (13).npy,Parasitic diseases,0,0,0,1,0
Parasitic diseases (14).npy,Parasitic diseases,0,0,0,1,0
Parasitic diseases (15).npy,Parasitic diseases,0,0,0,1,0
Parasitic diseases (16).npy,Parasitic diseases,0,0,0,1,0
Parasitic diseases (17).npy,Parasitic diseases,0,0,0,1,0
Parasitic diseases (18).npy,Parasitic diseases,0,0,0,1,0
Parasitic diseases (19).npy,Parasitic diseases,0,0,0,1,0
Parasitic diseases (20).npy,Parasitic diseases,0,0,0,1,0
Parasitic diseases (21).npy,Parasitic diseases,0,0,0,1,0
Parasitic diseases (22).npy,Parasitic diseases,0,0,0,1,0
Parasitic diseases (23).npy,Parasitic diseases,0,0,0,1,0
Parasitic diseases (24).npy,Parasitic diseases,0,0,0,1,0
Parasitic diseases (25).npy,Parasitic diseases,0,0,0,1,0
Parasitic diseases (26).npy,Parasitic diseases,0,0,0,1,0
Parasitic diseases (27).npy,Parasitic diseases,0,0,0,1,0
Parasitic diseases (28).npy,Parasitic diseases,0,0,0,1,0
Parasitic diseases (29).npy,Parasitic diseases,0,0,0,1,0
Parasitic diseases (30).npy,Parasitic diseases,0,0,0,1,0
Parasitic diseases (31).npy,Parasitic diseases,0,0,0,1,0
Parasitic diseases (32).npy,Parasitic diseases,0,0,0,1,0
Parasitic diseases (33).npy,Parasitic diseases,0,0,0,1,0
Parasitic diseases (34).npy,Parasitic diseases,0,0,0,1,0
Parasitic diseases (35).npy,Parasitic diseases,0,0,0,1,0
Parasitic diseases (36).npy,Parasitic diseases,0,0,0,1,0
Parasitic diseases (37).npy,Parasitic diseases,0,0,0,1,0
Parasitic diseases (38).npy,Parasitic diseases,0,0,0,1,0
Viral diseases White tail disease (1).npy,Viral diseases White tail disease,0,0,0,0,1
Viral diseases White tail disease (2).npy,Viral diseases White tail disease,0,0,0,0,1
Viral diseases White tail disease (3).npy,Viral diseases White tail disease,0,0,0,0,1
Viral diseases White tail disease (4).npy,Viral diseases White tail disease,0,0,0,0,1
Viral diseases White tail disease (5).npy,Viral diseases White tail disease,0,0,0,0,1
Viral diseases White tail disease (6).npy,Viral diseases White tail disease,0,0,0,0,1
Viral diseases White tail disease (7).npy,Viral diseases White tail disease,0,0,0,0,1
Viral diseases White tail disease (8).npy,Viral diseases White tail disease,0,0,0,0,1
Viral diseases White tail disease (9).npy,Viral diseases White tail disease,0,0,0,0,1
Viral diseases White tail disease (10).npy,Viral diseases White tail disease,0,0,0,0,1
Viral diseases White tail disease (11).npy,Viral diseases White tail disease,0,0,0,0,1
Viral diseases White tail disease (12).npy,Viral diseases White tail disease,0,0,0,0,1
Viral diseases White tail disease (13).npy,Viral diseases White tail disease,0,0,0,0,1
Viral diseases White tail disease (14).npy,Viral diseases White tail disease,0,0,0,0,1
Viral diseases White tail disease (15).npy,Viral diseases White tail disease,0,0,0,0,1
Viral diseases White tail disease (16).npy,Viral diseases White tail disease,0,0,0,0,1
Viral diseases White tail disease (17).npy,Viral diseases White tail disease,0,0,0,0,1
Viral diseases White tail disease (18).npy,Viral diseases White tail disease,0,0,0,0,1
Viral diseases White tail disease (19).npy,Viral diseases White tail disease,0,0,0,0,1
Viral diseases White tail disease (20).npy,Viral diseases White tail disease,0,0,0,0,1
Viral diseases White tail disease (21).npy,Viral diseases White tail disease,0,0,0,0,1
Viral diseases White tail disease (22).npy,Viral diseases White tail disease,0,0,0,0,1
Viral diseases White tail disease (23).npy,Viral diseases White tail disease,0,0,0,0,1
Viral diseases White tail disease (24).npy,Viral diseases White tail disease,0,0,0,0,1
Viral diseases White tail disease (25).npy,Viral diseases White tail disease,0,0,0,0,1
Viral diseases White tail disease (26).npy,Viral diseases White tail disease,0,0,0,0,1
Viral diseases White tail disease (27).npy,Viral diseases White tail disease,0,0,0,0,1
Viral diseases White tail disease (28).npy,Viral diseases White tail disease,0,0,0,0,1
Viral diseases White tail disease (29).npy,Viral diseases White tail disease,0,0,0,0,1
Viral diseases White tail disease (30).npy,Viral diseases White tail disease,0,0,0,0,1
Viral diseases White tail disease (31).npy,Viral diseases White tail disease,0,0,0,0,1
Viral diseases White tail disease (32).npy,Viral diseases White tail disease,0,0,0,0,1
Viral diseases White tail disease (33).npy,Viral diseases White tail disease,0,0,0,0,1
Viral diseases White tail disease (34).npy,Viral diseases White tail disease,0,0,0,0,1
Viral diseases White tail disease (35).npy,Viral diseases White tail disease,0,0,0,0,1
Viral diseases White tail disease (36).npy,Viral diseases White tail disease,0,0,0,0,1
Viral diseases White tail disease (37).npy,Viral diseases White tail disease,0,0,0,0,1
Viral diseases White tail disease (38).npy,Viral diseases White tail disease,0,0,0,0,1
Viral diseases White tail disease (39).npy,Viral diseases White tail disease,0,0,0,0,1
Viral diseases White tail disease (40).npy,Viral diseases White tail disease,0,0,0,0,1
Viral diseases White tail disease (41).npy,Viral diseases White tail disease,0,0,0,0,1
Viral diseases White tail disease (42).npy,Viral diseases White tail disease,0,0,0,0,1
Viral diseases White tail disease (43).npy,Viral diseases White tail disease,0,0,0,0,1
Viral diseases White tail disease (44).npy,Viral diseases White tail disease,0,0,0,0,1
