Folder Name,Image Filename,Image Path
Bacterial diseases - Aeromoniasis,Bacterial diseases - Aeromoniasis (1).jpg,Bacterial diseases - Aeromoniasis/Bacterial diseases - Aeromoniasis (1).jpg
Bacterial diseases - Aeromoniasis,Bacterial diseases - Aeromoniasis (2).jpg,Bacterial diseases - Aeromoniasis/Bacterial diseases - Aeromoniasis (2).jpg
Bacterial diseases - Aeromoniasis,Bacterial diseases - Aeromoniasis (3).jpg,Bacterial diseases - Aeromoniasis/Bacterial diseases - Aeromoniasis (3).jpg
Bacterial diseases - Aeromoniasis,Bacterial diseases - Aeromoniasis (4).jpg,Bacterial diseases - Aeromoniasis/Bacterial diseases - Aeromoniasis (4).jpg
Bacterial diseases - Aeromoniasis,Bacterial diseases - Aeromoniasis (5).jpg,Bacterial diseases - Aeromoniasis/Bacterial diseases - Aeromoniasis (5).jpg
Bacterial diseases - Aeromoniasis,Bacterial diseases - Aeromoniasis (6).jpg,Bacterial diseases - Aeromoniasis/Bacterial diseases - Aeromoniasis (6).jpg
Bacterial diseases - Aeromoniasis,Bacterial diseases - Aeromoniasis (7).jpg,Bacterial diseases - Aeromoniasis/Bacterial diseases - Aeromoniasis (7).jpg
Bacterial diseases - Aeromoniasis,Bacterial diseases - Aeromoniasis (8).jpg,Bacterial diseases - Aeromoniasis/Bacterial diseases - Aeromoniasis (8).jpg
Bacterial diseases - Aeromoniasis,Bacterial diseases - Aeromoniasis (9).jpg,Bacterial diseases - Aeromoniasis/Bacterial diseases - Aeromoniasis (9).jpg
Bacterial diseases - Aeromoniasis,Bacterial diseases - Aeromoniasis (10).jpg,Bacterial diseases - Aeromoniasis/Bacterial diseases - Aeromoniasis (10).jpg
Bacterial diseases - Aeromoniasis,Bacterial diseases - Aeromoniasis (11).jpg,Bacterial diseases - Aeromoniasis/Bacterial diseases - Aeromoniasis (11).jpg
Bacterial diseases - Aeromoniasis,Bacterial diseases - Aeromoniasis (12).jpg,Bacterial diseases - Aeromoniasis/Bacterial diseases - Aeromoniasis (12).jpg
Bacterial diseases - Aeromoniasis,Bacterial diseases - Aeromoniasis (13).jpg,Bacterial diseases - Aeromoniasis/Bacterial diseases - Aeromoniasis (13).jpg
Bacterial diseases - Aeromoniasis,Bacterial diseases - Aeromoniasis (14).jpg,Bacterial diseases - Aeromoniasis/Bacterial diseases - Aeromoniasis (14).jpg
Bacterial diseases - Aeromoniasis,Bacterial diseases - Aeromoniasis (15).jpg,Bacterial diseases - Aeromoniasis/Bacterial diseases - Aeromoniasis (15).jpg
Bacterial diseases - Aeromoniasis,Bacterial diseases - Aeromoniasis (16).jpg,Bacterial diseases - Aeromoniasis/Bacterial diseases - Aeromoniasis (16).jpg
Bacterial diseases - Aeromoniasis,Bacterial diseases - Aeromoniasis (17).jpg,Bacterial diseases - Aeromoniasis/Bacterial diseases - Aeromoniasis (17).jpg
Bacterial diseases - Aeromoniasis,Bacterial diseases - Aeromoniasis (18).jpg,Bacterial diseases - Aeromoniasis/Bacterial diseases - Aeromoniasis (18).jpg
Bacterial diseases - Aeromoniasis,Bacterial diseases - Aeromoniasis (19).jpg,Bacterial diseases - Aeromoniasis/Bacterial diseases - Aeromoniasis (19).jpg
Bacterial diseases - Aeromoniasis,Bacterial diseases - Aeromoniasis (20).jpg,Bacterial diseases - Aeromoniasis/Bacterial diseases - Aeromoniasis (20).jpg
Bacterial diseases - Aeromoniasis,Bacterial diseases - Aeromoniasis (21).jpg,Bacterial diseases - Aeromoniasis/Bacterial diseases - Aeromoniasis (21).jpg
Bacterial diseases - Aeromoniasis,Bacterial diseases - Aeromoniasis (22).jpg,Bacterial diseases - Aeromoniasis/Bacterial diseases - Aeromoniasis (22).jpg
Bacterial diseases - Aeromoniasis,Bacterial diseases - Aeromoniasis (23).jpg,Bacterial diseases - Aeromoniasis/Bacterial diseases - Aeromoniasis (23).jpg
Bacterial diseases - Aeromoniasis,Bacterial diseases - Aeromoniasis (24).jpg,Bacterial diseases - Aeromoniasis/Bacterial diseases - Aeromoniasis (24).jpg
Bacterial diseases - Aeromoniasis,Bacterial diseases - Aeromoniasis (25).jpg,Bacterial diseases - Aeromoniasis/Bacterial diseases - Aeromoniasis (25).jpg
Bacterial diseases - Aeromoniasis,Bacterial diseases - Aeromoniasis (26).jpg,Bacterial diseases - Aeromoniasis/Bacterial diseases - Aeromoniasis (26).jpg
Bacterial diseases - Aeromoniasis,Bacterial diseases - Aeromoniasis (27).jpg,Bacterial diseases - Aeromoniasis/Bacterial diseases - Aeromoniasis (27).jpg
Bacterial diseases - Aeromoniasis,Bacterial diseases - Aeromoniasis (28).jpg,Bacterial diseases - Aeromoniasis/Bacterial diseases - Aeromoniasis (28).jpg
Bacterial diseases - Aeromoniasis,Bacterial diseases - Aeromoniasis (29).jpg,Bacterial diseases - Aeromoniasis/Bacterial diseases - Aeromoniasis (29).jpg
Bacterial diseases - Aeromoniasis,Bacterial diseases - Aeromoniasis (30).jpg,Bacterial diseases - Aeromoniasis/Bacterial diseases - Aeromoniasis (30).jpg
Bacterial diseases - Aeromoniasis,Bacterial diseases - Aeromoniasis (31).jpg,Bacterial diseases - Aeromoniasis/Bacterial diseases - Aeromoniasis (31).jpg
Bacterial diseases - Aeromoniasis,Bacterial diseases - Aeromoniasis (32).jpg,Bacterial diseases - Aeromoniasis/Bacterial diseases - Aeromoniasis (32).jpg
Bacterial diseases - Aeromoniasis,Bacterial diseases - Aeromoniasis (33).jpg,Bacterial diseases - Aeromoniasis/Bacterial diseases - Aeromoniasis (33).jpg
Bacterial diseases - Aeromoniasis,Bacterial diseases - Aeromoniasis (34).jpg,Bacterial diseases - Aeromoniasis/Bacterial diseases - Aeromoniasis (34).jpg
Bacterial diseases - Aeromoniasis,Bacterial diseases - Aeromoniasis (35).jpg,Bacterial diseases - Aeromoniasis/Bacterial diseases - Aeromoniasis (35).jpg
Bacterial diseases - Aeromoniasis,Bacterial diseases - Aeromoniasis (36).jpg,Bacterial diseases - Aeromoniasis/Bacterial diseases - Aeromoniasis (36).jpg
Bacterial diseases - Aeromoniasis,Bacterial diseases - Aeromoniasis (37).jpg,Bacterial diseases - Aeromoniasis/Bacterial diseases - Aeromoniasis (37).jpg
Bacterial diseases - Aeromoniasis,Bacterial diseases - Aeromoniasis (38).jpg,Bacterial diseases - Aeromoniasis/Bacterial diseases - Aeromoniasis (38).jpg
Bacterial diseases - Aeromoniasis,Bacterial diseases - Aeromoniasis (39).jpg,Bacterial diseases - Aeromoniasis/Bacterial diseases - Aeromoniasis (39).jpg
Bacterial diseases - Aeromoniasis,Bacterial diseases - Aeromoniasis (40).jpg,Bacterial diseases - Aeromoniasis/Bacterial diseases - Aeromoniasis (40).jpg
Bacterial diseases - Aeromoniasis,Bacterial diseases - Aeromoniasis (41).jpg,Bacterial diseases - Aeromoniasis/Bacterial diseases - Aeromoniasis (41).jpg
Bacterial diseases - Aeromoniasis,Bacterial diseases - Aeromoniasis (42).jpg,Bacterial diseases - Aeromoniasis/Bacterial diseases - Aeromoniasis (42).jpg
Bacterial diseases - Aeromoniasis,Bacterial diseases - Aeromoniasis (43).jpg,Bacterial diseases - Aeromoniasis/Bacterial diseases - Aeromoniasis (43).jpg
Bacterial diseases - Aeromoniasis,Bacterial diseases - Aeromoniasis (44).jpg,Bacterial diseases - Aeromoniasis/Bacterial diseases - Aeromoniasis (44).jpg
Bacterial diseases - Aeromoniasis,Bacterial diseases - Aeromoniasis (45).jpg,Bacterial diseases - Aeromoniasis/Bacterial diseases - Aeromoniasis (45).jpg
Bacterial diseases - Aeromoniasis,Bacterial diseases - Aeromoniasis (46).jpg,Bacterial diseases - Aeromoniasis/Bacterial diseases - Aeromoniasis (46).jpg
Bacterial diseases - Aeromoniasis,Bacterial diseases - Aeromoniasis (47).jpg,Bacterial diseases - Aeromoniasis/Bacterial diseases - Aeromoniasis (47).jpg
Bacterial diseases - Aeromoniasis,Bacterial diseases - Aeromoniasis (48).jpg,Bacterial diseases - Aeromoniasis/Bacterial diseases - Aeromoniasis (48).jpg
Bacterial diseases - Aeromoniasis,Bacterial diseases - Aeromoniasis (49).jpg,Bacterial diseases - Aeromoniasis/Bacterial diseases - Aeromoniasis (49).jpg
Bacterial Red disease,Bacterial Red disease (1).jpg,Bacterial Red disease/Bacterial Red disease (1).jpg
Bacterial Red disease,Bacterial Red disease (2).jpg,Bacterial Red disease/Bacterial Red disease (2).jpg
Bacterial Red disease,Bacterial Red disease (3).jpg,Bacterial Red disease/Bacterial Red disease (3).jpg
Bacterial Red disease,Bacterial Red disease (4).jpg,Bacterial Red disease/Bacterial Red disease (4).jpg
Bacterial Red disease,Bacterial Red disease (5).jpg,Bacterial Red disease/Bacterial Red disease (5).jpg
Bacterial Red disease,Bacterial Red disease (6).jpg,Bacterial Red disease/Bacterial Red disease (6).jpg
Bacterial Red disease,Bacterial Red disease (7).jpg,Bacterial Red disease/Bacterial Red disease (7).jpg
Bacterial Red disease,Bacterial Red disease (8).jpg,Bacterial Red disease/Bacterial Red disease (8).jpg
Bacterial Red disease,Bacterial Red disease (9).jpg,Bacterial Red disease/Bacterial Red disease (9).jpg
Bacterial Red disease,Bacterial Red disease (10).jpg,Bacterial Red disease/Bacterial Red disease (10).jpg
Bacterial Red disease,Bacterial Red disease (11).jpg,Bacterial Red disease/Bacterial Red disease (11).jpg
Bacterial Red disease,Bacterial Red disease (12).jpg,Bacterial Red disease/Bacterial Red disease (12).jpg
Bacterial Red disease,Bacterial Red disease (13).jpg,Bacterial Red disease/Bacterial Red disease (13).jpg
Bacterial Red disease,Bacterial Red disease (14).jpg,Bacterial Red disease/Bacterial Red disease (14).jpg
Bacterial Red disease,Bacterial Red disease (15).jpg,Bacterial Red disease/Bacterial Red disease (15).jpg
Bacterial Red disease,Bacterial Red disease (16).jpg,Bacterial Red disease/Bacterial Red disease (16).jpg
Bacterial Red disease,Bacterial Red disease (17).jpg,Bacterial Red disease/Bacterial Red disease (17).jpg
Bacterial Red disease,Bacterial Red disease (18).jpg,Bacterial Red disease/Bacterial Red disease (18).jpg
Bacterial Red disease,Bacterial Red disease (19).jpg,Bacterial Red disease/Bacterial Red disease (19).jpg
Bacterial Red disease,Bacterial Red disease (20).jpg,Bacterial Red disease/Bacterial Red disease (20).jpg
Bacterial Red disease,Bacterial Red disease (21).jpg,Bacterial Red disease/Bacterial Red disease (21).jpg
Bacterial Red disease,Bacterial Red disease (22).jpg,Bacterial Red disease/Bacterial Red disease (22).jpg
Bacterial Red disease,Bacterial Red disease (23).jpg,Bacterial Red disease/Bacterial Red disease (23).jpg
Bacterial Red disease,Bacterial Red disease (24).jpg,Bacterial Red disease/Bacterial Red disease (24).jpg
Bacterial Red disease,Bacterial Red disease (25).jpg,Bacterial Red disease/Bacterial Red disease (25).jpg
Bacterial Red disease,Bacterial Red disease (26).jpg,Bacterial Red disease/Bacterial Red disease (26).jpg
Bacterial Red disease,Bacterial Red disease (27).jpg,Bacterial Red disease/Bacterial Red disease (27).jpg
Bacterial Red disease,Bacterial Red disease (28).jpg,Bacterial Red disease/Bacterial Red disease (28).jpg
Bacterial Red disease,Bacterial Red disease (29).jpg,Bacterial Red disease/Bacterial Red disease (29).jpg
Bacterial Red disease,Bacterial Red disease (30).jpg,Bacterial Red disease/Bacterial Red disease (30).jpg
Bacterial Red disease,Bacterial Red disease (31).jpg,Bacterial Red disease/Bacterial Red disease (31).jpg
Bacterial Red disease,Bacterial Red disease (32).jpg,Bacterial Red disease/Bacterial Red disease (32).jpg
Bacterial Red disease,Bacterial Red disease (33).jpg,Bacterial Red disease/Bacterial Red disease (33).jpg
Bacterial Red disease,Bacterial Red disease (34).jpg,Bacterial Red disease/Bacterial Red disease (34).jpg
Bacterial Red disease,Bacterial Red disease (35).jpg,Bacterial Red disease/Bacterial Red disease (35).jpg
Bacterial Red disease,Bacterial Red disease (36).jpg,Bacterial Red disease/Bacterial Red disease (36).jpg
Bacterial Red disease,Bacterial Red disease (37).jpg,Bacterial Red disease/Bacterial Red disease (37).jpg
Bacterial Red disease,Bacterial Red disease (38).jpg,Bacterial Red disease/Bacterial Red disease (38).jpg
Bacterial Red disease,Bacterial Red disease (39).jpg,Bacterial Red disease/Bacterial Red disease (39).jpg
Bacterial Red disease,Bacterial Red disease (40).jpg,Bacterial Red disease/Bacterial Red disease (40).jpg
Bacterial Red disease,Bacterial Red disease (41).jpg,Bacterial Red disease/Bacterial Red disease (41).jpg
Bacterial Red disease,Bacterial Red disease (42).jpg,Bacterial Red disease/Bacterial Red disease (42).jpg
Bacterial Red disease,Bacterial Red disease (43).jpg,Bacterial Red disease/Bacterial Red disease (43).jpg
Bacterial Red disease,Bacterial Red disease (44).jpg,Bacterial Red disease/Bacterial Red disease (44).jpg
Bacterial Red disease,Bacterial Red disease (45).jpg,Bacterial Red disease/Bacterial Red disease (45).jpg
Bacterial Red disease,Bacterial Red disease (46).jpg,Bacterial Red disease/Bacterial Red disease (46).jpg
Bacterial Red disease,Bacterial Red disease (47).jpg,Bacterial Red disease/Bacterial Red disease (47).jpg
Bacterial Red disease,Bacterial Red disease (48).jpg,Bacterial Red disease/Bacterial Red disease (48).jpg
Healthy Fish,Healthy Fish (1).jpg,Healthy Fish/Healthy Fish (1).jpg
Healthy Fish,Healthy Fish (2).jpg,Healthy Fish/Healthy Fish (2).jpg
Healthy Fish,Healthy Fish (3).jpg,Healthy Fish/Healthy Fish (3).jpg
Healthy Fish,Healthy Fish (4).jpg,Healthy Fish/Healthy Fish (4).jpg
Healthy Fish,Healthy Fish (5).jpg,Healthy Fish/Healthy Fish (5).jpg
Healthy Fish,Healthy Fish (6).jpg,Healthy Fish/Healthy Fish (6).jpg
Healthy Fish,Healthy Fish (7).jpg,Healthy Fish/Healthy Fish (7).jpg
Healthy Fish,Healthy Fish (8).jpg,Healthy Fish/Healthy Fish (8).jpg
Healthy Fish,Healthy Fish (9).jpg,Healthy Fish/Healthy Fish (9).jpg
Healthy Fish,Healthy Fish (10).jpg,Healthy Fish/Healthy Fish (10).jpg
Healthy Fish,Healthy Fish (11).jpg,Healthy Fish/Healthy Fish (11).jpg
Healthy Fish,Healthy Fish (12).jpg,Healthy Fish/Healthy Fish (12).jpg
Healthy Fish,Healthy Fish (13).jpg,Healthy Fish/Healthy Fish (13).jpg
Healthy Fish,Healthy Fish (14).jpg,Healthy Fish/Healthy Fish (14).jpg
Healthy Fish,Healthy Fish (15).jpg,Healthy Fish/Healthy Fish (15).jpg
Healthy Fish,Healthy Fish (16).jpg,Healthy Fish/Healthy Fish (16).jpg
Healthy Fish,Healthy Fish (17).jpg,Healthy Fish/Healthy Fish (17).jpg
Healthy Fish,Healthy Fish (18).jpg,Healthy Fish/Healthy Fish (18).jpg
Healthy Fish,Healthy Fish (19).jpg,Healthy Fish/Healthy Fish (19).jpg
Healthy Fish,Healthy Fish (20).jpg,Healthy Fish/Healthy Fish (20).jpg
Healthy Fish,Healthy Fish (21).jpg,Healthy Fish/Healthy Fish (21).jpg
Healthy Fish,Healthy Fish (22).jpg,Healthy Fish/Healthy Fish (22).jpg
Healthy Fish,Healthy Fish (23).jpg,Healthy Fish/Healthy Fish (23).jpg
Healthy Fish,Healthy Fish (24).jpg,Healthy Fish/Healthy Fish (24).jpg
Healthy Fish,Healthy Fish (25).jpg,Healthy Fish/Healthy Fish (25).jpg
Healthy Fish,Healthy Fish (26).jpg,Healthy Fish/Healthy Fish (26).jpg
Healthy Fish,Healthy Fish (27).jpg,Healthy Fish/Healthy Fish (27).jpg
Healthy Fish,Healthy Fish (28).jpg,Healthy Fish/Healthy Fish (28).jpg
Healthy Fish,Healthy Fish (29).jpg,Healthy Fish/Healthy Fish (29).jpg
Healthy Fish,Healthy Fish (30).jpg,Healthy Fish/Healthy Fish (30).jpg
Healthy Fish,Healthy Fish (31).jpg,Healthy Fish/Healthy Fish (31).jpg
Healthy Fish,Healthy Fish (32).jpg,Healthy Fish/Healthy Fish (32).jpg
Healthy Fish,Healthy Fish (33).jpg,Healthy Fish/Healthy Fish (33).jpg
Healthy Fish,Healthy Fish (34).jpg,Healthy Fish/Healthy Fish (34).jpg
Healthy Fish,Healthy Fish (35).jpg,Healthy Fish/Healthy Fish (35).jpg
Healthy Fish,Healthy Fish (36).jpg,Healthy Fish/Healthy Fish (36).jpg
Healthy Fish,Healthy Fish (37).jpg,Healthy Fish/Healthy Fish (37).jpg
Healthy Fish,Healthy Fish (38).jpg,Healthy Fish/Healthy Fish (38).jpg
Healthy Fish,Healthy Fish (39).jpg,Healthy Fish/Healthy Fish (39).jpg
Healthy Fish,Healthy Fish (40).jpg,Healthy Fish/Healthy Fish (40).jpg
Healthy Fish,Healthy Fish (41).jpg,Healthy Fish/Healthy Fish (41).jpg
Healthy Fish,Healthy Fish (42).jpg,Healthy Fish/Healthy Fish (42).jpg
Healthy Fish,Healthy Fish (43).jpg,Healthy Fish/Healthy Fish (43).jpg
Healthy Fish,Healthy Fish (44).jpg,Healthy Fish/Healthy Fish (44).jpg
Healthy Fish,Healthy Fish (45).jpg,Healthy Fish/Healthy Fish (45).jpg
Healthy Fish,Healthy Fish (46).jpg,Healthy Fish/Healthy Fish (46).jpg
Healthy Fish,Healthy Fish (47).jpg,Healthy Fish/Healthy Fish (47).jpg
Healthy Fish,Healthy Fish (48).jpg,Healthy Fish/Healthy Fish (48).jpg
Healthy Fish,Healthy Fish (49).jpg,Healthy Fish/Healthy Fish (49).jpg
Healthy Fish,Healthy Fish (50).jpg,Healthy Fish/Healthy Fish (50).jpg
Healthy Fish,Healthy Fish (51).jpg,Healthy Fish/Healthy Fish (51).jpg
Healthy Fish,Healthy Fish (52).jpg,Healthy Fish/Healthy Fish (52).jpg
Healthy Fish,Healthy Fish (53).jpg,Healthy Fish/Healthy Fish (53).jpg
Healthy Fish,Healthy Fish (54).jpg,Healthy Fish/Healthy Fish (54).jpg
Healthy Fish,Healthy Fish (55).jpg,Healthy Fish/Healthy Fish (55).jpg
Healthy Fish,Healthy Fish (56).jpg,Healthy Fish/Healthy Fish (56).jpg
Healthy Fish,Healthy Fish (57).jpg,Healthy Fish/Healthy Fish (57).jpg
Healthy Fish,Healthy Fish (58).jpg,Healthy Fish/Healthy Fish (58).jpg
Healthy Fish,Healthy Fish (59).jpg,Healthy Fish/Healthy Fish (59).jpg
Healthy Fish,Healthy Fish (60).jpg,Healthy Fish/Healthy Fish (60).jpg
Healthy Fish,Healthy Fish (61).jpg,Healthy Fish/Healthy Fish (61).jpg
Healthy Fish,Healthy Fish (62).jpg,Healthy Fish/Healthy Fish (62).jpg
Healthy Fish,Healthy Fish (63).jpg,Healthy Fish/Healthy Fish (63).jpg
Healthy Fish,Healthy Fish (64).jpg,Healthy Fish/Healthy Fish (64).jpg
Healthy Fish,Healthy Fish (65).jpg,Healthy Fish/Healthy Fish (65).jpg
Healthy Fish,Healthy Fish (66).jpg,Healthy Fish/Healthy Fish (66).jpg
Healthy Fish,Healthy Fish (67).jpg,Healthy Fish/Healthy Fish (67).jpg
Healthy Fish,Healthy Fish (68).jpg,Healthy Fish/Healthy Fish (68).jpg
Healthy Fish,Healthy Fish (69).jpg,Healthy Fish/Healthy Fish (69).jpg
Healthy Fish,Healthy Fish (70).jpg,Healthy Fish/Healthy Fish (70).jpg
Healthy Fish,Healthy Fish (71).jpg,Healthy Fish/Healthy Fish (71).jpg
Healthy Fish,Healthy Fish (72).jpg,Healthy Fish/Healthy Fish (72).jpg
Healthy Fish,Healthy Fish (73).jpg,Healthy Fish/Healthy Fish (73).jpg
Healthy Fish,Healthy Fish (74).jpg,Healthy Fish/Healthy Fish (74).jpg
Healthy Fish,Healthy Fish (75).jpg,Healthy Fish/Healthy Fish (75).jpg
Healthy Fish,Healthy Fish (76).jpg,Healthy Fish/Healthy Fish (76).jpg
Healthy Fish,Healthy Fish (77).jpg,Healthy Fish/Healthy Fish (77).jpg
Healthy Fish,Healthy Fish (78).jpg,Healthy Fish/Healthy Fish (78).jpg
Healthy Fish,Healthy Fish (79).jpg,Healthy Fish/Healthy Fish (79).jpg
Healthy Fish,Healthy Fish (80).jpg,Healthy Fish/Healthy Fish (80).jpg
Healthy Fish,Healthy Fish (81).jpg,Healthy Fish/Healthy Fish (81).jpg
Healthy Fish,Healthy Fish (82).jpg,Healthy Fish/Healthy Fish (82).jpg
Healthy Fish,Healthy Fish (83).jpg,Healthy Fish/Healthy Fish (83).jpg
Healthy Fish,Healthy Fish (84).jpg,Healthy Fish/Healthy Fish (84).jpg
Healthy Fish,Healthy Fish (85).jpg,Healthy Fish/Healthy Fish (85).jpg
Healthy Fish,Healthy Fish (86).jpg,Healthy Fish/Healthy Fish (86).jpg
Healthy Fish,Healthy Fish (87).jpg,Healthy Fish/Healthy Fish (87).jpg
Healthy Fish,Healthy Fish (88).jpg,Healthy Fish/Healthy Fish (88).jpg
Healthy Fish,Healthy Fish (89).jpg,Healthy Fish/Healthy Fish (89).jpg
Healthy Fish,Healthy Fish (90).jpg,Healthy Fish/Healthy Fish (90).jpg
Healthy Fish,Healthy Fish (91).jpg,Healthy Fish/Healthy Fish (91).jpg
Healthy Fish,Healthy Fish (92).jpg,Healthy Fish/Healthy Fish (92).jpg
Healthy Fish,Healthy Fish (93).jpg,Healthy Fish/Healthy Fish (93).jpg
Healthy Fish,Healthy Fish (94).jpg,Healthy Fish/Healthy Fish (94).jpg
Healthy Fish,Healthy Fish (95).jpg,Healthy Fish/Healthy Fish (95).jpg
Healthy Fish,Healthy Fish (96).jpg,Healthy Fish/Healthy Fish (96).jpg
Healthy Fish,Healthy Fish (97).jpg,Healthy Fish/Healthy Fish (97).jpg
Healthy Fish,Healthy Fish (98).jpg,Healthy Fish/Healthy Fish (98).jpg
Healthy Fish,Healthy Fish (99).jpg,Healthy Fish/Healthy Fish (99).jpg
Healthy Fish,Healthy Fish (100).jpg,Healthy Fish/Healthy Fish (100).jpg
Healthy Fish,Healthy Fish (101).jpg,Healthy Fish/Healthy Fish (101).jpg
Healthy Fish,Healthy Fish (102).jpg,Healthy Fish/Healthy Fish (102).jpg
Healthy Fish,Healthy Fish (103).jpg,Healthy Fish/Healthy Fish (103).jpg
Healthy Fish,Healthy Fish (104).jpg,Healthy Fish/Healthy Fish (104).jpg
Healthy Fish,Healthy Fish (105).jpg,Healthy Fish/Healthy Fish (105).jpg
Healthy Fish,Healthy Fish (106).jpg,Healthy Fish/Healthy Fish (106).jpg
Healthy Fish,Healthy Fish (107).jpg,Healthy Fish/Healthy Fish (107).jpg
Healthy Fish,Healthy Fish (108).jpg,Healthy Fish/Healthy Fish (108).jpg
Healthy Fish,Healthy Fish (109).jpg,Healthy Fish/Healthy Fish (109).jpg
Healthy Fish,Healthy Fish (110).jpg,Healthy Fish/Healthy Fish (110).jpg
Healthy Fish,Healthy Fish (111).jpg,Healthy Fish/Healthy Fish (111).jpg
Healthy Fish,Healthy Fish (112).jpg,Healthy Fish/Healthy Fish (112).jpg
Healthy Fish,Healthy Fish (113).jpg,Healthy Fish/Healthy Fish (113).jpg
Healthy Fish,Healthy Fish (114).jpg,Healthy Fish/Healthy Fish (114).jpg
Healthy Fish,Healthy Fish (115).jpg,Healthy Fish/Healthy Fish (115).jpg
Healthy Fish,Healthy Fish (116).jpg,Healthy Fish/Healthy Fish (116).jpg
Healthy Fish,Healthy Fish (117).jpg,Healthy Fish/Healthy Fish (117).jpg
Healthy Fish,Healthy Fish (118).jpg,Healthy Fish/Healthy Fish (118).jpg
Healthy Fish,Healthy Fish (119).jpg,Healthy Fish/Healthy Fish (119).jpg
Healthy Fish,Healthy Fish (120).jpg,Healthy Fish/Healthy Fish (120).jpg
Healthy Fish,Healthy Fish (121).jpg,Healthy Fish/Healthy Fish (121).jpg
Healthy Fish,Healthy Fish (122).jpg,Healthy Fish/Healthy Fish (122).jpg
Healthy Fish,Healthy Fish (123).jpg,Healthy Fish/Healthy Fish (123).jpg
Healthy Fish,Healthy Fish (124).jpg,Healthy Fish/Healthy Fish (124).jpg
Healthy Fish,Healthy Fish (125).jpg,Healthy Fish/Healthy Fish (125).jpg
Healthy Fish,Healthy Fish (126).jpg,Healthy Fish/Healthy Fish (126).jpg
Healthy Fish,Healthy Fish (127).jpg,Healthy Fish/Healthy Fish (127).jpg
Healthy Fish,Healthy Fish (128).jpg,Healthy Fish/Healthy Fish (128).jpg
Healthy Fish,Healthy Fish (129).jpg,Healthy Fish/Healthy Fish (129).jpg
Healthy Fish,Healthy Fish (130).jpg,Healthy Fish/Healthy Fish (130).jpg
Healthy Fish,Healthy Fish (131).jpg,Healthy Fish/Healthy Fish (131).jpg
Healthy Fish,Healthy Fish (132).jpg,Healthy Fish/Healthy Fish (132).jpg
Healthy Fish,Healthy Fish (133).jpg,Healthy Fish/Healthy Fish (133).jpg
Healthy Fish,Healthy Fish (134).jpg,Healthy Fish/Healthy Fish (134).jpg
Healthy Fish,Healthy Fish (135).jpg,Healthy Fish/Healthy Fish (135).jpg
Healthy Fish,Healthy Fish (136).jpg,Healthy Fish/Healthy Fish (136).jpg
Healthy Fish,Healthy Fish (137).jpg,Healthy Fish/Healthy Fish (137).jpg
Healthy Fish,Healthy Fish (138).jpg,Healthy Fish/Healthy Fish (138).jpg
Healthy Fish,Healthy Fish (139).jpg,Healthy Fish/Healthy Fish (139).jpg
Healthy Fish,Healthy Fish (140).jpg,Healthy Fish/Healthy Fish (140).jpg
Healthy Fish,Healthy Fish (141).jpg,Healthy Fish/Healthy Fish (141).jpg
Healthy Fish,Healthy Fish (142).jpg,Healthy Fish/Healthy Fish (142).jpg
Healthy Fish,Healthy Fish (143).jpg,Healthy Fish/Healthy Fish (143).jpg
Healthy Fish,Healthy Fish (144).jpg,Healthy Fish/Healthy Fish (144).jpg
Healthy Fish,Healthy Fish (145).jpg,Healthy Fish/Healthy Fish (145).jpg
Healthy Fish,Healthy Fish (146).jpg,Healthy Fish/Healthy Fish (146).jpg
Healthy Fish,Healthy Fish (147).jpg,Healthy Fish/Healthy Fish (147).jpg
Healthy Fish,Healthy Fish (148).jpg,Healthy Fish/Healthy Fish (148).jpg
Healthy Fish,Healthy Fish (149).jpg,Healthy Fish/Healthy Fish (149).jpg
Healthy Fish,Healthy Fish (150).jpg,Healthy Fish/Healthy Fish (150).jpg
Healthy Fish,Healthy Fish (151).jpg,Healthy Fish/Healthy Fish (151).jpg
Healthy Fish,Healthy Fish (152).jpg,Healthy Fish/Healthy Fish (152).jpg
Healthy Fish,Healthy Fish (153).jpg,Healthy Fish/Healthy Fish (153).jpg
Healthy Fish,Healthy Fish (154).jpg,Healthy Fish/Healthy Fish (154).jpg
Healthy Fish,Healthy Fish (155).jpg,Healthy Fish/Healthy Fish (155).jpg
Healthy Fish,Healthy Fish (156).jpg,Healthy Fish/Healthy Fish (156).jpg
Healthy Fish,Healthy Fish (157).jpg,Healthy Fish/Healthy Fish (157).jpg
Healthy Fish,Healthy Fish (158).jpg,Healthy Fish/Healthy Fish (158).jpg
Healthy Fish,Healthy Fish (159).jpg,Healthy Fish/Healthy Fish (159).jpg
Healthy Fish,Healthy Fish (160).jpg,Healthy Fish/Healthy Fish (160).jpg
Healthy Fish,Healthy Fish (161).jpg,Healthy Fish/Healthy Fish (161).jpg
Healthy Fish,Healthy Fish (162).jpg,Healthy Fish/Healthy Fish (162).jpg
Healthy Fish,Healthy Fish (163).jpg,Healthy Fish/Healthy Fish (163).jpg
Healthy Fish,Healthy Fish (164).jpg,Healthy Fish/Healthy Fish (164).jpg
Healthy Fish,Healthy Fish (165).jpg,Healthy Fish/Healthy Fish (165).jpg
Healthy Fish,Healthy Fish (166).jpg,Healthy Fish/Healthy Fish (166).jpg
Healthy Fish,Healthy Fish (167).jpg,Healthy Fish/Healthy Fish (167).jpg
Healthy Fish,Healthy Fish (168).jpg,Healthy Fish/Healthy Fish (168).jpg
Healthy Fish,Healthy Fish (169).jpg,Healthy Fish/Healthy Fish (169).jpg
Healthy Fish,Healthy Fish (170).jpg,Healthy Fish/Healthy Fish (170).jpg
Healthy Fish,Healthy Fish (171).jpg,Healthy Fish/Healthy Fish (171).jpg
Healthy Fish,Healthy Fish (172).jpg,Healthy Fish/Healthy Fish (172).jpg
Healthy Fish,Healthy Fish (173).jpg,Healthy Fish/Healthy Fish (173).jpg
Healthy Fish,Healthy Fish (174).jpg,Healthy Fish/Healthy Fish (174).jpg
Healthy Fish,Healthy Fish (175).jpg,Healthy Fish/Healthy Fish (175).jpg
Healthy Fish,Healthy Fish (176).jpg,Healthy Fish/Healthy Fish (176).jpg
Healthy Fish,Healthy Fish (177).jpg,Healthy Fish/Healthy Fish (177).jpg
Parasitic diseases,Parasitic diseases (1).jpg,Parasitic diseases/Parasitic diseases (1).jpg
Parasitic diseases,Parasitic diseases (2).jpg,Parasitic diseases/Parasitic diseases (2).jpg
Parasitic diseases,Parasitic diseases (3).jpg,Parasitic diseases/Parasitic diseases (3).jpg
Parasitic diseases,Parasitic diseases (4).jpg,Parasitic diseases/Parasitic diseases (4).jpg
Parasitic diseases,Parasitic diseases (5).jpg,Parasitic diseases/Parasitic diseases (5).jpg
Parasitic diseases,Parasitic diseases (6).jpg,Parasitic diseases/Parasitic diseases (6).jpg
Parasitic diseases,Parasitic diseases (7).jpg,Parasitic diseases/Parasitic diseases (7).jpg
Parasitic diseases,Parasitic diseases (8).jpg,Parasitic diseases/Parasitic diseases (8).jpg
Parasitic diseases,Parasitic diseases (9).jpg,Parasitic diseases/Parasitic diseases (9).jpg
Parasitic diseases,Parasitic diseases (10).jpg,Parasitic diseases/Parasitic diseases (10).jpg
Parasitic diseases,Parasitic diseases (11).jpg,Parasitic diseases/Parasitic diseases (11).jpg
Parasitic diseases,Parasitic diseases (12).jpg,Parasitic diseases/Parasitic diseases (12).jpg
Parasitic diseases,Parasitic diseases (13).jpg,Parasitic diseases/Parasitic diseases (13).jpg
Parasitic diseases,Parasitic diseases (14).jpg,Parasitic diseases/Parasitic diseases (14).jpg
Parasitic diseases,Parasitic diseases (15).jpg,Parasitic diseases/Parasitic diseases (15).jpg
Parasitic diseases,Parasitic diseases (16).jpg,Parasitic diseases/Parasitic diseases (16).jpg
Parasitic diseases,Parasitic diseases (17).jpg,Parasitic diseases/Parasitic diseases (17).jpg
Parasitic diseases,Parasitic diseases (18).jpg,Parasitic diseases/Parasitic diseases (18).jpg
Parasitic diseases,Parasitic diseases (19).jpg,Parasitic diseases/Parasitic diseases (19).jpg
Parasitic diseases,Parasitic diseases (20).jpg,Parasitic diseases/Parasitic diseases (20).jpg
Parasitic diseases,Parasitic diseases (21).jpg,Parasitic diseases/Parasitic diseases (21).jpg
Parasitic diseases,Parasitic diseases (22).jpg,Parasitic diseases/Parasitic diseases (22).jpg
Parasitic diseases,Parasitic diseases (23).jpg,Parasitic diseases/Parasitic diseases (23).jpg
Parasitic diseases,Parasitic diseases (24).jpg,Parasitic diseases/Parasitic diseases (24).jpg
Parasitic diseases,Parasitic diseases (25).jpg,Parasitic diseases/Parasitic diseases (25).jpg
Parasitic diseases,Parasitic diseases (26).jpg,Parasitic diseases/Parasitic diseases (26).jpg
Parasitic diseases,Parasitic diseases (27).jpg,Parasitic diseases/Parasitic diseases (27).jpg
Parasitic diseases,Parasitic diseases (28).jpg,Parasitic diseases/Parasitic diseases (28).jpg
Parasitic diseases,Parasitic diseases (29).jpg,Parasitic diseases/Parasitic diseases (29).jpg
Parasitic diseases,Parasitic diseases (30).jpg,Parasitic diseases/Parasitic diseases (30).jpg
Parasitic diseases,Parasitic diseases (31).jpg,Parasitic diseases/Parasitic diseases (31).jpg
Parasitic diseases,Parasitic diseases (32).jpg,Parasitic diseases/Parasitic diseases (32).jpg
Parasitic diseases,Parasitic diseases (33).jpg,Parasitic diseases/Parasitic diseases (33).jpg
Parasitic diseases,Parasitic diseases (34).jpg,Parasitic diseases/Parasitic diseases (34).jpg
Parasitic diseases,Parasitic diseases (35).jpg,Parasitic diseases/Parasitic diseases (35).jpg
Parasitic diseases,Parasitic diseases (36).jpg,Parasitic diseases/Parasitic diseases (36).jpg
Parasitic diseases,Parasitic diseases (37).jpg,Parasitic diseases/Parasitic diseases (37).jpg
Parasitic diseases,Parasitic diseases (38).jpg,Parasitic diseases/Parasitic diseases (38).jpg
Viral diseases White tail disease,Viral diseases White tail disease (1).jpg,Viral diseases White tail disease/Viral diseases White tail disease (1).jpg
Viral diseases White tail disease,Viral diseases White tail disease (2).jpg,Viral diseases White tail disease/Viral diseases White tail disease (2).jpg
Viral diseases White tail disease,Viral diseases White tail disease (3).jpg,Viral diseases White tail disease/Viral diseases White tail disease (3).jpg
Viral diseases White tail disease,Viral diseases White tail disease (4).jpg,Viral diseases White tail disease/Viral diseases White tail disease (4).jpg
Viral diseases White tail disease,Viral diseases White tail disease (5).jpg,Viral diseases White tail disease/Viral diseases White tail disease (5).jpg
Viral diseases White tail disease,Viral diseases White tail disease (6).jpg,Viral diseases White tail disease/Viral diseases White tail disease (6).jpg
Viral diseases White tail disease,Viral diseases White tail disease (7).jpg,Viral diseases White tail disease/Viral diseases White tail disease (7).jpg
Viral diseases White tail disease,Viral diseases White tail disease (8).jpg,Viral diseases White tail disease/Viral diseases White tail disease (8).jpg
Viral diseases White tail disease,Viral diseases White tail disease (9).jpg,Viral diseases White tail disease/Viral diseases White tail disease (9).jpg
Viral diseases White tail disease,Viral diseases White tail disease (10).jpg,Viral diseases White tail disease/Viral diseases White tail disease (10).jpg
Viral diseases White tail disease,Viral diseases White tail disease (11).jpg,Viral diseases White tail disease/Viral diseases White tail disease (11).jpg
Viral diseases White tail disease,Viral diseases White tail disease (12).jpg,Viral diseases White tail disease/Viral diseases White tail disease (12).jpg
Viral diseases White tail disease,Viral diseases White tail disease (13).jpg,Viral diseases White tail disease/Viral diseases White tail disease (13).jpg
Viral diseases White tail disease,Viral diseases White tail disease (14).jpg,Viral diseases White tail disease/Viral diseases White tail disease (14).jpg
Viral diseases White tail disease,Viral diseases White tail disease (15).jpg,Viral diseases White tail disease/Viral diseases White tail disease (15).jpg
Viral diseases White tail disease,Viral diseases White tail disease (16).jpg,Viral diseases White tail disease/Viral diseases White tail disease (16).jpg
Viral diseases White tail disease,Viral diseases White tail disease (17).jpg,Viral diseases White tail disease/Viral diseases White tail disease (17).jpg
Viral diseases White tail disease,Viral diseases White tail disease (18).jpg,Viral diseases White tail disease/Viral diseases White tail disease (18).jpg
Viral diseases White tail disease,Viral diseases White tail disease (19).jpg,Viral diseases White tail disease/Viral diseases White tail disease (19).jpg
Viral diseases White tail disease,Viral diseases White tail disease (20).jpg,Viral diseases White tail disease/Viral diseases White tail disease (20).jpg
Viral diseases White tail disease,Viral diseases White tail disease (21).jpg,Viral diseases White tail disease/Viral diseases White tail disease (21).jpg
Viral diseases White tail disease,Viral diseases White tail disease (22).jpg,Viral diseases White tail disease/Viral diseases White tail disease (22).jpg
Viral diseases White tail disease,Viral diseases White tail disease (23).jpg,Viral diseases White tail disease/Viral diseases White tail disease (23).jpg
Viral diseases White tail disease,Viral diseases White tail disease (24).jpg,Viral diseases White tail disease/Viral diseases White tail disease (24).jpg
Viral diseases White tail disease,Viral diseases White tail disease (25).jpg,Viral diseases White tail disease/Viral diseases White tail disease (25).jpg
Viral diseases White tail disease,Viral diseases White tail disease (26).jpg,Viral diseases White tail disease/Viral diseases White tail disease (26).jpg
Viral diseases White tail disease,Viral diseases White tail disease (27).jpg,Viral diseases White tail disease/Viral diseases White tail disease (27).jpg
Viral diseases White tail disease,Viral diseases White tail disease (28).jpg,Viral diseases White tail disease/Viral diseases White tail disease (28).jpg
Viral diseases White tail disease,Viral diseases White tail disease (29).jpg,Viral diseases White tail disease/Viral diseases White tail disease (29).jpg
Viral diseases White tail disease,Viral diseases White tail disease (30).jpg,Viral diseases White tail disease/Viral diseases White tail disease (30).jpg
Viral diseases White tail disease,Viral diseases White tail disease (31).jpg,Viral diseases White tail disease/Viral diseases White tail disease (31).jpg
Viral diseases White tail disease,Viral diseases White tail disease (32).jpg,Viral diseases White tail disease/Viral diseases White tail disease (32).jpg
Viral diseases White tail disease,Viral diseases White tail disease (33).jpg,Viral diseases White tail disease/Viral diseases White tail disease (33).jpg
Viral diseases White tail disease,Viral diseases White tail disease (34).jpg,Viral diseases White tail disease/Viral diseases White tail disease (34).jpg
Viral diseases White tail disease,Viral diseases White tail disease (35).jpg,Viral diseases White tail disease/Viral diseases White tail disease (35).jpg
Viral diseases White tail disease,Viral diseases White tail disease (36).jpg,Viral diseases White tail disease/Viral diseases White tail disease (36).jpg
Viral diseases White tail disease,Viral diseases White tail disease (37).jpg,Viral diseases White tail disease/Viral diseases White tail disease (37).jpg
Viral diseases White tail disease,Viral diseases White tail disease (38).jpg,Viral diseases White tail disease/Viral diseases White tail disease (38).jpg
Viral diseases White tail disease,Viral diseases White tail disease (39).jpg,Viral diseases White tail disease/Viral diseases White tail disease (39).jpg
Viral diseases White tail disease,Viral diseases White tail disease (40).jpg,Viral diseases White tail disease/Viral diseases White tail disease (40).jpg
Viral diseases White tail disease,Viral diseases White tail disease (41).jpg,Viral diseases White tail disease/Viral diseases White tail disease (41).jpg
Viral diseases White tail disease,Viral diseases White tail disease (42).jpg,Viral diseases White tail disease/Viral diseases White tail disease (42).jpg
Viral diseases White tail disease,Viral diseases White tail disease (43).jpg,Viral diseases White tail disease/Viral diseases White tail disease (43).jpg
Viral diseases White tail disease,Viral diseases White tail disease (44).jpg,Viral diseases White tail disease/Viral diseases White tail disease (44).jpg
